title,start_date,row_number
Проект1,2004-02-03,1
Проект2,2005-01-15,2
Проект3,2005-02-02,3
Проект5,2005-02-14,4
Проект4,2005-03-02,5
Проект6,2005-04-04,6
Проект Ы,2024-02-03,7
Проект А,2024-05-03,8
Проект А,2024-05-03,9
Проект Ы,2026-02-03,10
