title,author name,cost_rub
Проект1,Иванов,1200
Проект2,Петрова,800
Проект3,Сидорова,950
Проект4,Иванов,1000
Проект5,Сидорова,900
Проект6,Петрова,1100
Проект А,Петрова,200
Проект А,Нет Автора,200
Проект Ы,Иванов,1200
Проект Ы,Нет Автора,1200
