title,cost_rub,start_date
Проект1,1200,2004-02-03
Проект2,800,2005-01-15
Проект3,950,2005-02-02
Проект5,900,2005-02-14
Проект4,1000,2005-03-02
Проект6,1100,2005-04-04
Проект Ы,1200,2024-02-03
Проект А,200,2024-05-03
Проект А,200,2024-05-03
Проект Ы,1200,2026-02-03
